{"fill-uncertainty": {"5": [21.376160871549605, 29.10728739297058, 31.300264035308114, 29.064851825809775, 21.380890742301684], "6": [21.76424704905695, 30.383147058187642, 33.92136138181264, 33.89575431661505, 30.321347348307313, 21.79359908648312], "4": [20.824369290736687, 27.325088817881454, 27.30993268512859, 20.853593507147956], "3": [20.023494342991356, 24.421168770424682, 20.057898966107494], "2": [18.56411165603523, 18.57677897014683], "1": [15.122447760366635]}}